Name,Latitude,Longitude,District
AG&P Pratham CNG Station,8.5461501,76.9736335,Thiruvananthapuram
AG&P Pratham CNG Station,8.4836148,76.9302928,Thiruvananthapuram
AG&P Pratham CNG Station,8.5037386,76.9009822,Thiruvananthapuram
AG&P Pratham CNG Station,8.5060104,76.9092263,Thiruvananthapuram
AG&P Pratham CNG Station,8.5180523,76.9799767,Thiruvananthapuram
AG&P Pratham CNG Station,8.7243708,76.8981657,Thiruvananthapuram
AG&P Pratham CNG Station,8.5027353,76.9127722,Thiruvananthapuram
Cng gas booster station,8.5274807,76.9898232,Thiruvananthapuram
AG&P Pratham CNG Station,8.4220638,76.9770102,Thiruvananthapuram
AG&P Pratham CNG Station,8.5880851,76.9499157,Thiruvananthapuram
AG&P Pratham CNG Station,8.5275026,76.9898256,Thiruvananthapuram
AG&P Pratham CNG Station,8.6413079,77.0211845,Thiruvananthapuram
AG&P Pratham CNG Station,8.6400807,76.9301011,Thiruvananthapuram
Crystal CNG Fitment Centre,8.5067978,76.9072376,Thiruvananthapuram
AG&P Pratham CNG Station,8.4547382,77.0601805,Thiruvananthapuram
Hindustan Petroleum - Rukson Trades,8.5047075,76.9514,Thiruvananthapuram
IndianOil,8.501042,76.9670151,Thiruvananthapuram
Bharat Petroleum - KI George,8.5270265,76.9392088,Thiruvananthapuram
AG&P Pratham CNG Station,8.3514847,77.1463418,Thiruvananthapuram
IndianOil,8.5060236,76.9091991,Thiruvananthapuram
IndianOil,8.5078391,76.897247,Thiruvananthapuram
IndianOil,8.5181151,76.979935,Thiruvananthapuram
IndianOil,8.5145912,76.8991415,Thiruvananthapuram
Bharat Petroleum - Vijaya Fuels,8.4742338,76.9764359,Thiruvananthapuram
Hindustan Petroleum - Jaya Petroleum Co.,8.5274718,76.9898219,Thiruvananthapuram
Samudra Fuel Centre - Hindustan Petroleum,8.548284,76.974113,Thiruvananthapuram
IndianOil,8.4998771,76.948779,Thiruvananthapuram
Bharat Petroleum - M/s Unemployed Engineers Cooperative Society Limited,8.5008467,76.9538357,Thiruvananthapuram
Hindustan Petroleum - Auto Services,8.4847441,76.9536861,Thiruvananthapuram
IndianOil,8.4220651,76.977009,Thiruvananthapuram
IndianOil,8.4835321,76.930336,Thiruvananthapuram
Hindustan Petroleum Ganesh Kumar Enterprises,8.5417958,76.9238252,Thiruvananthapuram
G Ramesan & Co Hindustan Petroleum,8.481623,76.9595848,Thiruvananthapuram
Bharat Petroleum - Ann Fuels,8.5047047,76.9514099,Thiruvananthapuram
Hindustan Petroleum - Chellam Petroleum Company,8.5182687,76.9428939,Thiruvananthapuram
IndianOil,8.4362111,77.024881,Thiruvananthapuram
K Krishnankutty & Co,8.3978865,77.0896892,Thiruvananthapuram
"Bharat Petroleum, Petrol Pump -St Jude Fuels",8.5580013,76.8541008,Thiruvananthapuram
IndianOil,8.4665252,76.9389946,Thiruvananthapuram
IndianOil,8.5707811,76.871681,Thiruvananthapuram
Asian Autogas conversion,8.5376126,76.9395763,Thiruvananthapuram
Tadeo fuels Bharat Petroleum,8.5881128,76.949906,Thiruvananthapuram
Nayara petrol pump,8.3828524,77.00303,Thiruvananthapuram
Hindustan Petroleum - Shobha Agencies,8.4086805,77.0775431,Thiruvananthapuram
Reliance Petroleum,8.5980833,76.9953333,Thiruvananthapuram
IndianOil,8.5459938,76.9736631,Thiruvananthapuram
"Bharat Petroleum, Petrol Pump -Pkp Nair",9.965332,76.2929247,Thiruvananthapuram
Hindustan Petroleum - Pro-Tech Fuel Enterprises,8.5923272,76.9950056,Thiruvananthapuram
Bharat Petroleum- Petrol Pump-AMJ Associates Auto Fuels,8.4546483,77.0602442,Thiruvananthapuram
IndianOil,8.6929267,76.8212094,Thiruvananthapuram
IndianOil,8.6353157,76.9023921,Thiruvananthapuram
IndianOil,8.4591677,76.9510818,Thiruvananthapuram
IndianOil,8.5247673,76.9701442,Thiruvananthapuram
IBRI FUELS,8.668921,76.798703,Thiruvananthapuram
IndianOil,8.5516141,76.989642,Thiruvananthapuram
Bharat Petroleum - VGP Fuels,8.735253,76.7449164,Thiruvananthapuram
Hindustan Petroleum - Auto Fuels & Lubricants,8.6050465,77.0019451,Thiruvananthapuram
IndianOil,8.5102081,76.960243,Thiruvananthapuram
Nayara Energy - Faizy Fuels,8.6407506,77.035421,Thiruvananthapuram
IndianOil,8.5909219,76.8565917,Thiruvananthapuram
AG&P Pratham CNG Station,8.8883952,76.6325369,Kollam
AG&P Pratham CNG Station,8.9438125,76.5376875,Kollam
AG&P Pratham CNG Station,8.9928125,76.7936875,Kollam
Seashell Fuels and CNG station,8.9486757,76.5357937,Kollam
HPCL Petrol Pump & CNG station,8.8886223,76.6324983,Kollam
AG&P Pratham CNG Station,8.871639,76.6717431,Kollam
AG&P Pratham CNG Station,8.8229387,76.7519308,Kollam
AG&P Pratham CNG Station,8.948676,76.5357955,Kollam
AG&P Pratham CNG Station,8.9673361,76.8318539,Kollam
"GREENLAND Auto Systems, CNG Conversion kollam",8.8927765,76.6329286,Kollam
AG&P Pratham CNG Station,8.7243708,76.8981657,Kollam
E.K.M Fuels,8.8942607,76.6801505,Kollam
Hindustan Petroleum - Aleyamma Mathew Fuel Station,8.8902258,76.6004857,Kollam
IndianOil,8.890238,76.6188038,Kollam
HPCL petrol pump,8.879675,76.606233,Kollam
Nayara Energy,8.886627,76.5753718,Kollam
Hindustan Petroleum,8.8864576,76.5909773,Kollam
IndianOil,8.887312,76.595341,Kollam
Hindustan Petroleum,8.8949178,76.5731693,Kollam
Reliance Petroleum,8.9283666,76.6401076,Kollam
"Bharat Petroleum, Petrol Pump - Dev Fuels",8.929953,76.5489855,Kollam
"Bharat Petroleum, Petrol Pump -Fuels Centre",8.8833748,76.5955317,Kollam
IndianOil,8.93299,76.5452001,Kollam
IndianOil,8.8924221,76.5783093,Kollam
IndianOil,8.913333,76.629145,Kollam
IndianOil,8.8650401,76.622208,Kollam
IndianOil,8.9330437,76.5442057,Kollam
IndianOil,8.932834,76.5458636,Kollam
IndianOil,8.89554,76.6389913,Kollam
IndianOil,8.8944389,76.6064601,Kollam
IndianOil,8.896803,76.567452,Kollam
IndianOil,8.87541,76.6267001,Kollam
IndianOil,8.9436197,76.5382071,Kollam
IndianOil,8.8863458,76.5715724,Kollam
IndianOil,8.93155,76.5502001,Kollam
IndianOil,8.922744,76.5581197,Kollam
IndianOil,8.8861719,76.6336178,Kollam
"Bharat Petroleum, Petrol Pump -Radhas Fuels",8.8893899,76.6001701,Kollam
IndianOil,8.924135,76.562122,Kollam
IndianOil,8.93025,76.5558001,Kollam
Bharat Petrol pump,8.9616918,76.683442,Kollam
AG&P Pratham CNG Station,8.5180523,76.9799767,Kollam
Hindustan Petroleum,8.865139,76.677188,Kollam
Hindustan Petroleum,8.8313686,76.6804225,Kollam
IndianOil,8.865952,76.663545,Kollam
IndianOil,8.866729,76.665057,Kollam
Hindustan Petroleum Jameela Beevi Agencies,8.8759555,76.8685035,Kollam
Hindustan Petroleum,8.9603617,76.6789782,Kollam
AG&P Pratham CNG Station,8.6400807,76.9301011,Kollam
IndianOil,8.822958,76.752057,Kollam
IndianOil,8.845334,76.646995,Kollam
IndianOil,8.862117,76.705235,Kollam
Hindustan Petroleum - Veena Fuels,9.0638615,76.5350561,Kollam
Kallummoottil fuels - Nayara Energy Limited.,9.0265093,76.6073637,Kollam
"Bharat Petroleum, Petrol Pump -Sarada Fuels",8.919399,76.7679081,Kollam
Bharat Petroleum - Auto Fuel Centre,9.0055634,76.7783033,Kollam
IndianOil,8.8944755,76.6801006,Kollam
IndianOil,8.8395455,76.7372986,Kollam
HP PETROL PUMP KOTTARAKKARA,9.0045329,76.783149,Kollam
Hindustan Petroleum Jacob Joseph,8.88239,76.59146,Kollam
Indian Oil,9.2643214,76.7785026,Pathanamthitta
Bharat Petroleum Petrol Pump,9.2434567,76.7564696,Pathanamthitta
HP Petrol Pump,9.2617304,76.7809096,Pathanamthitta
Kallichethu Fuels,9.2684004,76.798194,Pathanamthitta
"Bharat Petroleum, Petrol Pump -Kurungattu Fuels",9.2590637,76.7847223,Pathanamthitta
HP Petrol Pump,9.2461489,76.7567348,Pathanamthitta
"Bharat Petroleum, Petrol Pump -Therakath Auto Fuels",9.265677,76.7850657,Pathanamthitta
IndianOil,9.266298,76.807072,Pathanamthitta
IndianOil,9.280245,76.797243,Pathanamthitta
Nitrogen air filling service,9.2643862,76.7784423,Pathanamthitta
IndianOil,9.267928,76.79091,Pathanamthitta
IndianOil,9.268371,76.798094,Pathanamthitta
AGP Pratham CNG station,9.2684639,76.655643,Pathanamthitta
Mannil Fuels Nayara,9.2393043,76.8011922,Pathanamthitta
IndianOil,9.337184,76.706056,Pathanamthitta
Hindustan Petroleum and CNG Lakshmi Fuels,9.2684571,76.6556609,Pathanamthitta
IndianOil,9.241666,76.672769,Pathanamthitta
HP PETROL PUMP - YAMUNA FUEL STATION,9.1572375,76.7289032,Pathanamthitta
Indian Oil CNG Filling Station,9.2483182,76.6685636,Pathanamthitta
IndianOil,9.221153,76.678711,Pathanamthitta
AG&P Pratham CNG Station,8.9928125,76.7936875,Pathanamthitta
AG&P Pratham CNG Station,9.2522863,76.5163494,Pathanamthitta
AG&P Pratham CNG Station,9.3684375,76.5136875,Pathanamthitta
AG&P Pratham CNG Station,9.7052723,76.3173905,Pathanamthitta
IndianOil,9.150413,76.734113,Pathanamthitta
UTC Hindustan Petroleum Company Limited Gas Station,9.320231,76.610463,Pathanamthitta
AG&P Pratham CNG Station,12.912387,79.3648328,Pathanamthitta
IndianOil,9.3872967,76.5753577,Pathanamthitta
AG&P Pratham CNG Station,8.5180523,76.9799767,Pathanamthitta
"PAHLA FUELS, Bharat Petroleum Corporation Limited, Petrol Pump",9.1560379,76.6163547,Pathanamthitta
IndianOil,9.248425,76.668431,Pathanamthitta
IndianOil,9.166323,76.718026,Pathanamthitta
IndianOil,9.32412,76.7468001,Pathanamthitta
Hindustan Petroleum,9.3330736,76.7094293,Pathanamthitta
IndianOil,9.410194,76.796333,Pathanamthitta
MAVELIL FUELS (HP),9.3998703,76.7948151,Pathanamthitta
IndianOil,9.3819477,76.7812118,Pathanamthitta
IndianOil,9.2265807,76.677956,Pathanamthitta
IndianOil,9.206343,76.689482,Pathanamthitta
Hindustan Petroleum Pump,9.22379,76.67858,Pathanamthitta
AG&P Pratham CNG Station,9.4998667,76.3343604,Alappuzha
AG&P Pratham CNG Station,9.5788408,76.3272848,Alappuzha
AG&P Pratham CNG Station,9.5031932,76.3284976,Alappuzha
AG&P Pratham CNG Station,9.3739541,76.3595449,Alappuzha
IndianOil,9.499819,76.334244,Alappuzha
AG&P Pratham CNG Station,9.6117685,76.3622519,Alappuzha
AG&P Pratham CNG Station,9.6696951,76.3392652,Alappuzha
Hindustan Petroleum Prima Fuels CNG,9.5043758,76.3284025,Alappuzha
AG&P Pratham CNG Station,9.7052723,76.3173905,Alappuzha
AG&P Pratham CNG Station,9.3684375,76.5136875,Alappuzha
NATESH FUEL HPCL PUMP,9.5787515,76.3272981,Alappuzha
IndianOil,9.7335672,76.3183484,Alappuzha
Bharat Petroleum,9.4904413,76.3387136,Alappuzha
HP PETROL PUMP - GABI'S FUELS,9.3738853,76.3595449,Alappuzha
Bharat Petroleum,9.4701837,76.3498707,Alappuzha
IndianOil,9.4902082,76.3388492,Alappuzha
AG&P Pratham CNG Station,9.8816636,76.3024995,Alappuzha
Bharat Petroleum Petrol Bunk,9.5336834,76.3275678,Alappuzha
Hindustan Petroleum Pump And CNG Station,9.8279104,76.3104782,Alappuzha
IndianOil,9.5378138,76.3275785,Alappuzha
"CHANDRA FUELS , INDIAN OIL , AUTOGAS BUNK",9.5107661,76.3388221,Alappuzha
Bharat Petroleum & CNG - Nadapurayil Fuels,9.2536375,76.4658281,Alappuzha
IndianOil,9.669323,76.339189,Alappuzha
IndianOil,9.8169012,76.313519,Alappuzha
"Bharat Petroleum, Lakshmi Fuels",9.6917778,76.3365215,Alappuzha
IndianOil,9.6162436,76.3304783,Alappuzha
"Bharat Petroleum, Petrol Pump -Crescent Fuels",9.514832,76.3383624,Alappuzha
Hindustan Petroleum S Khadeeja Badarudeen,9.41231,76.34937,Alappuzha
Punnapra Railway Station,9.4234504,76.3419039,Alappuzha
IndianOil,9.562352,76.30932,Alappuzha
Bharat Petroleum Petrol Pump,9.5885317,76.5351237,Kottayam
Thomas Chacko & Co Hindustan Petroleum,9.5823005,76.5217261,Kottayam
"Ponmankal Fuels, CNG Station, HP Petrol Pump",9.6925419,76.5522476,Kottayam
"Bharat Petroleum, Petrol Pump -T K Kuruvilla (Thachara) & Co",9.5756563,76.5197756,Kottayam
Hindustan Petroleum Fuel station,9.5899301,76.5320325,Kottayam
HP PETROL PUMP - OONETHU FUELS,9.6556357,76.5513067,Kottayam
A V George & Co. Ltd. Fuels. BPCL Petrol Pump,9.5928176,76.5220689,Kottayam
Bharat Petroleum Pump Ettumanoor Fuels,9.6723157,76.5585704,Kottayam
IndianOil,9.568176,76.519966,Kottayam
Bharat Petroleum company limited - City Fuels,9.5883966,76.5393015,Kottayam
IndianOil,9.5894321,76.5593677,Kottayam
IndianOil,9.6288501,76.537642,Kottayam
Hindustan Petroleum | Century Fuels,9.6203197,76.5339334,Kottayam
AG&P Pratham CNG Station,9.4998667,76.3343604,Kottayam
AG&P Pratham CNG Station,9.7052723,76.3173905,Kottayam
Bharath Petroleum,9.5847748,76.521625,Kottayam
HP PETROL PUMP - PAULSON FUELS,9.6310314,76.5180617,Kottayam
IndianOil,9.573957,76.519076,Kottayam
IndianOil,9.587564,76.540598,Kottayam
Babys Service Centre Hindustan Petroleum,9.5804,76.52027,Kottayam
IndianOil,9.592087,76.525622,Kottayam
Bharat Petroleum Fuel Station,9.588949,76.53048,Kottayam
Payyil Fuels Hindustan Petroleum,9.6047592,76.5147055,Kottayam
Puthenangady gas,9.5864608,76.5155839,Kottayam
Kosamattam Fuels,9.5755108,76.5197604,Kottayam
Hindustan Petroleum Pump Vellapally Agencies,9.5887635,76.5302018,Kottayam
Hindustan Petroleum,9.6556579,76.551233,Kottayam
"Bharat Petroleum, Petrol Pump -Karimpichira Fuels",9.5932626,76.4647325,Kottayam
IndianOil,9.5786901,76.5528796,Kottayam
Hindustan Petroleum,9.5889236,76.5815516,Kottayam
National Auto Gas,9.9025519,76.6898708,Idukki
Bharat Petroleum,9.7567907,77.1125879,Idukki
HP PETROL PUMP - KUZHIKKATTU FUELS,9.86853,76.96551,Idukki
Indian Oil Petrol and CNG Filling Station - Thiruvonam Fuels,10.7696688,76.6678447,Idukki
Hindustan Petroleum Pump Naveen Fuels,9.8968093,76.7044507,Idukki
(Indian Oil)Bairava Petrol & CNG Bunk,9.6563496,77.2235978,Idukki
IndianOil,9.8847552,76.9688027,Idukki
IndianOil,9.9030201,76.711501,Idukki
"Bharat Petroleum, Petrol Pump -Joseph & Company",9.6128359,77.1566983,Idukki
AG&P Pratham CNG Station,9.7052723,76.3173905,Idukki
IndianOil,9.854881,76.961692,Idukki
Bharat Petroleum Pump (MANKULAM FUELS),10.1157183,76.92882,Idukki
HP PETROL PUMP - KIZHAKKEDATHU QUALITY FUELS MURICKASSERRY,9.9105012,77.0150408,Idukki
"Bharat Petroleum, Petrol Pump -Kanan Devan Hills Plantation C.P.Lt",10.0859322,77.0781187,Idukki
"Bharat Petroleum, Petrol Pump -Udaya Filling Station",10.0862941,77.0606005,Idukki
IndianOil,9.9083232,76.5839531,Idukki
IndianOil,9.901602,76.725433,Idukki
S J Fuels,9.6094447,77.1651105,Idukki
"Bharat Petroleum, Petrol Pump -Super Fuels",10.0100066,76.9578934,Idukki
Bharat Petroleum Pump Mahima Fuels,9.900128,76.7122343,Idukki
Hindustan Petroleum Diya Fuels,10.0241717,77.0369647,Idukki
IndianOil,9.892146,76.706863,Idukki
HP PETROL PUMP - HIGH RANGE FUELS,9.81545,77.19275,Idukki
Manayani Fuels - HP petrol pump,9.8979303,76.7168665,Idukki
IndianOil,10.068382,76.321241,Idukki
Chelackal Krishnan & Sons Indian Oil Pump,10.0857384,77.0606095,Idukki
Capital Petroleum (HPCL Pump),9.7631875,77.1094375,Idukki
Reliance Petroleum,9.9081037,76.7037076,Idukki
IndianOil,9.911629,76.6987094,Idukki
IndianOil,9.5312747,76.8861749,Idukki
IndianOil,9.9445022,77.0176475,Idukki
"Bharat Petroleum, Petrol Pump -Thottupuram Fuels",9.8944807,76.6982234,Idukki
IndianOil,9.7962772,76.8474887,Idukki
Adimali Petrol Pump,10.0115043,76.9527836,Idukki
"Bharat Petroleum, Petrol Pump",9.574693,77.0935814,Idukki
Indianoil-Adani Gas Pvt Ltd CNG Station,9.9857349,76.3157206,Ernakulam
Indian Oil Pump Thathanat Agencies and CNG station,9.9508805,76.3308114,Ernakulam
HPCL Pump and CNG Station,9.9857192,76.3158618,Ernakulam
AG&P Pratham CNG Station,9.8816636,76.3024995,Ernakulam
Bharat Petroleum Pump & CNG Station,10.0355439,76.3142956,Ernakulam
Bharat Petroleum Company Owned Pump and CNG Filling,9.9703261,76.3215876,Ernakulam
IOCL CNG FILLING STATION (FORTUNE SERVICE STATION ),9.8924668,76.3724591,Ernakulam
IndianOil,10.0502274,76.2945914,Ernakulam
IndianOil,10.068382,76.321241,Ernakulam
Hindustan Petroleum,9.9880193,76.2858894,Ernakulam
Cochin Auto Gas - CNG & LPG Fitting,9.9903422,76.3177333,Ernakulam
IndianOil,9.9682206,76.3129251,Ernakulam
IndianOil,9.9431,76.3186367,Ernakulam
Hindustan Petroleum Pump,9.9754028,76.2846988,Ernakulam
IndianOil,9.9522228,76.3588534,Ernakulam
AG&P Pratham CNG Station,9.8279516,76.3103251,Ernakulam
IndianOil,10.1307609,76.241209,Ernakulam
Indianoil-Adani Gas Pvt Ltd CNG Station,10.0917132,76.3456387,Ernakulam
IndianOil,10.07004,76.330566,Ernakulam
COCO STATION KALAMASSERY CNG PUMP,10.053678,76.349323,Ernakulam
MG Auto Gas,9.9831611,76.2896311,Ernakulam
IndianOil,9.9375977,76.270697,Ernakulam
Hindustan Petroleum Pump Kwality Auto Service,9.9639477,76.3186678,Ernakulam
Bharat Petroleum Petrol Pump & CNG Station St.Augustine Fuels,9.8816615,76.3024989,Ernakulam
"Bharat Petroleum, Petrol Pump -K.A.Abdul Majeed & Sons",9.9952752,76.3236107,Ernakulam
Bharat Petroleum Pump PC Auto Fuels,9.9676619,76.3041122,Ernakulam
IndianOil,9.9833952,76.2962892,Ernakulam
Bharat Petroleum Pump,10.0153936,76.3553064,Ernakulam
Bharath Petroleum - COCO Outlet,9.9854778,76.2476087,Ernakulam
Bharat Petroleum,9.9874408,76.2853565,Ernakulam
Bharat Petroleum Pump (Company Owned Company Operated ),9.9943655,76.2634874,Ernakulam
IndianOil,10.010768,76.311736,Ernakulam
IndianOil,9.892275,76.371783,Ernakulam
IndianOil,9.9622431,76.288491,Ernakulam
Hindustan Petroleum Pump And CNG Station,9.8279104,76.3104782,Ernakulam
Gasoline The Filling Station Indian Oil Fuel and CNG Station,10.1166803,76.4872437,Ernakulam
"Bharat Petroleum, Petrol Pump -Veekay Fuels",10.0314297,76.3362841,Ernakulam
HP Petrol Pump - Vellaringattu Energy Hub,10.0149505,76.3365802,Ernakulam
Seethees Fuels,10.0539464,76.2927856,Ernakulam
Bharat Petroleum Pump,10.01463,76.3348714,Ernakulam
IndianOil,9.987093,76.24015,Ernakulam
"Bharat Petroleum, Petrol Pump -C.M.K Petro Product",9.8823414,76.3752581,Ernakulam
"Poornathrayeesa Pollution Testing Centre | Diesel ,Petrol ,CNG | Govt Approved..",9.9466468,76.3336303,Ernakulam
Maharaja's College Metro Station,9.9730707,76.2849922,Ernakulam
Bharat Petroleum Pump,9.9520859,76.2574842,Ernakulam
Bharat Petroleum Pump COCO,9.9902364,76.2712937,Ernakulam
IndianOil,9.943372,76.294667,Ernakulam
Hindustan Petroleum Pump Kalarikal Agencies,9.9402016,76.2622032,Ernakulam
Bharat Petroleum,9.9462323,76.3485111,Ernakulam
Bharat Petroleum,9.9710992,76.2985478,Ernakulam
Hindustan Petroleum Pump Bright Indo Fuels,10.0323588,76.2213374,Ernakulam
IndianOil,9.9676832,76.3100445,Ernakulam
IndianOil,9.9797845,76.3538289,Ernakulam
AG&P Pratham CNG Station,9.7052723,76.3173905,Ernakulam
Bharat Petroleum Pump,9.9370587,76.2612486,Ernakulam
"Bharat Petroleum, Petrol Pump -Pkp Nair",9.965332,76.2929247,Ernakulam
Bharat Petroleum Pump - Chottanikkara-Thiruvankulam Road,9.9392731,76.3749668,Ernakulam
IndianOil,9.9369211,76.262604,Ernakulam
IndianOil,10.0869719,76.267869,Ernakulam
Hindustan Petroleum Pump - COCO,9.98679,76.3521224,Ernakulam
Trichur City Gas Car CNG/LPG,10.5357571,76.1835392,Thrissur
Indian oil CNG Pump,10.5147471,76.2188922,Thrissur
IndianOil,10.4762245,76.2438601,Thrissur
IndianOil,10.561115,76.217816,Thrissur
"Bharat Petroleum,CNG & Petrol Pump -Royal Fuel Agency",10.4586124,76.208774,Thrissur
Kodakara Petro Park HP Pump & CNG filling,10.3855022,76.2895848,Thrissur
"Hindustan Petroleum Santhosh Fuels (CNG, petrol, diesel)",10.5230897,76.2503474,Thrissur
Indian Oil Avaran Petroleum Petrol & CNG station,10.3515319,76.2043567,Thrissur
"Bharat Petroleum, Petrol Pump -Aleena Fuels",10.5798858,76.2173041,Thrissur
IndianOil,10.558935,76.239048,Thrissur
HP PETROL PUMP - TRICHUR DIST AUTO DRIVERS COOP,10.55957,76.1706,Thrissur
"Hindustan Petroleum Pump Sree Muruga Fuels and CNG - Opp.KKTM College,Trissur Road",10.237842,76.2090072,Thrissur
Bharat Petroleum Trichur Petrol Sales and service,10.5144381,76.2159697,Thrissur
Bharat Petroleum Outlet,10.5253498,76.2119394,Thrissur
Bharat Petroleum Pump PN Krishna Iyer & Sons,10.5352581,76.2154519,Thrissur
"Emmay Fuels, Bharat Petroleum, Petrol & CNG Station",10.4219567,76.1045656,Thrissur
IndianOil,10.5397716,76.1919408,Thrissur
IndianOil,10.494578,76.21266,Thrissur
Bharat Petroleum Pump,10.4317547,76.2663594,Thrissur
IndianOil,10.511528,76.219308,Thrissur
Bharat Petroleum - Nilayattingal Agencies,10.522953,76.2224807,Thrissur
IndianOil,10.407281,76.275294,Thrissur
CNG PUMP - Angamali - Chalakkudi Road,10.245494,76.3701186,Thrissur
Hindustan Petroleum Pump Elegant Fuels,10.5107919,76.1734408,Thrissur
IndianOil,10.514825,76.21898,Thrissur
IndianOil,10.517546,76.258193,Thrissur
Bharat Petroleum Kuriachira(nehrunagarenterprises),10.5048484,76.2254156,Thrissur
MG Auto Gas,10.5215522,76.2046607,Thrissur
"Bharat Petroleum, Petrol Pump -Kallely'S Fuels",10.3109506,76.3372482,Thrissur
"Bharat Petroleum, Petrol Pump -Ambadi Service Centre",10.5292945,76.2150917,Thrissur
"Bharat Petroleum, Petrol Pump -Ollur Fuels",10.4697146,76.2441239,Thrissur
Reliance Petroleum,10.5488233,76.1749784,Thrissur
Hindustan Petroleum Pump Rohini Petroleum,10.5728038,76.2178554,Thrissur
IndianOil,10.467434,76.245729,Thrissur
IndianOil,10.448224,76.257876,Thrissur
Bharat Petroleum Pump,10.5276621,76.2152569,Thrissur
Indian Oil Fuel Station - K.K.Ramachandran & Sons,10.3448168,76.1344419,Thrissur
IndianOil,10.508901,76.264911,Thrissur
"IOAGPL CGS, Thrissur",10.6570899,76.0846747,Thrissur
Hindustan Petroleum Pump Poothokaren Auto Service,10.5265,76.21217,Thrissur
Hindustan Petroleum HP Petrol Station,10.5233948,76.2088222,Thrissur
Day&Night Fuel Bharat Petroleum Dealer 24 hour ATM,10.6276459,76.2262831,Thrissur
Bharat Petroleum Pump Chulliparambil Fuels,10.5012763,76.2499173,Thrissur
Cochin Cylinder Testing Station Pvt.Ltd,10.3391364,76.3460526,Thrissur
"Bharat Petroleum, Petrol Pump -Krishna Petro Park",10.5885828,76.1573996,Thrissur
IndianOil,10.5232475,76.2496109,Thrissur
Hindustan Petroleum Divya Fuels,10.55661,76.32682,Thrissur
IndianOil,10.538398,76.274999,Thrissur
"Bharat Petroleum, Petrol Pump -Pokkath Auto Fuels",10.3452713,76.2164699,Thrissur
Indian Oil COCO Pump,10.2458194,76.3703562,Thrissur
IndianOil,10.5811001,76.423001,Thrissur
Bharat Petroleum Petrol Pump,10.3281843,76.1420347,Thrissur
Company Owned HP Outlet,10.3157222,76.3288499,Thrissur
Sri Ayyappa Petro Park- Hindustan Petroleum,10.3837699,76.2929228,Thrissur
Bharat Petroleum Pump Smart Fuels,10.2941296,76.2173688,Thrissur
"Bharat Petroleum, Petrol Pump -P.V.Narayanan & Co.",10.523691,76.2087946,Thrissur
Asoka Fuels Bharath Petrol Pump,10.4483799,76.0903832,Thrissur
Hindustan Petroleum S4 Fuels,10.6207274,76.1119828,Thrissur
IndianOil,10.681958,75.967498,Thrissur
IndianOil,10.352395,76.295035,Thrissur
Indian Oil Petrol and CNG Filling Station - Thiruvonam Fuels,10.7696688,76.6678447,Palakkad
"Bharat Petroleum, Petrol Pump & CNG -Kaykayem Petro Park",10.788645,76.5948777,Palakkad
"PTP FUELS, Petrol Pump And CNG Filling Station, Hindustan Petroleum",10.8015413,76.6330993,Palakkad
PARAYIL FUELS CNG ONLINE FILLING STATION PETROL PUMP WALAYAR,10.8164869,76.8012491,Palakkad
Mundur Fuels (CNG),10.8405733,76.5640526,Palakkad
"Bharat Petroleum, Petrol Pump -Hameed Auto Fuels",10.7726977,76.672894,Palakkad
HINTECH ENERGY - CNG cylinder testing station,10.6979619,76.830805,Palakkad
Hindustan Petroleum & CNG Station,10.8162638,76.8011534,Palakkad
IndianOil,10.781394,76.653943,Palakkad
Bharat Petroleum - Peeveear Fuel Service,10.7709263,76.6324987,Palakkad
"Bharat Petroleum, Petrol Pump -N.R.Srinivasan",10.7733795,76.6593039,Palakkad
IndianOil,10.5811001,76.423001,Palakkad
"Bharat Petroleum, Petrol Pump and CNG Filling Station-Mayilvahanam",10.7762573,76.3206585,Palakkad
Bharath petrol&Cng station,10.8741283,76.2968946,Palakkad
IndianOil,10.7791768,76.6656891,Palakkad
HP SARAVANA FUELS,10.7614079,76.6638824,Palakkad
"Bharat Petroleum, Petrol Pump -V.K.Petro Park",10.7382273,76.6333245,Palakkad
"Prakash Fuels,HP Petrol Pump",10.7734068,76.6967502,Palakkad
"IOCL Petrol, Diesel & CNG Retail Outlet - ThiruMurugan Traders",10.8865625,76.9138125,Palakkad
Indian Oil Chamiyar Fuels,10.7601187,76.5397888,Palakkad
Jio-bp,10.778929,76.666574,Palakkad
IndianOil,10.7851745,76.6042857,Palakkad
Hindustan Petroleum H P Petrol Pump - CVM AUTO FUELS,10.7872218,76.6423508,Palakkad
IndianOil,10.773447,76.638496,Palakkad
"Bharat Petroleum, Petrol Pump, CNG -Safiya Petro Park",11.0320934,76.0613561,Malappuram
Petrol Pump HP Kolappuram PETROL DIESEL CNG,11.0617339,75.9348379,Malappuram
"Aman Associates, HP Petrol Pump and CNG",11.0425031,76.0716832,Malappuram
Bharat Petroleum and CNG Station,10.9037746,75.9219328,Malappuram
BROTHERS CNG,11.0386882,76.0746419,Malappuram
IndianOil,11.04656,76.073965,Malappuram
Bharat Petroleum Pump Malappuram Dist Private Bus,11.123247,76.1236258,Malappuram
Bharat Petroleum Pump - Jamalkutty Hajee & Son,11.0407047,76.0858125,Malappuram
EVERGREEN CNG,10.9609336,76.2337828,Malappuram
IndianOil,11.0512119,76.0725113,Malappuram
IndianOil,11.190184,75.869271,Malappuram
Hindustan petroleum CNG and petrol pump,10.9429636,75.938608,Malappuram
Bharat Petroleum CNG and Petrol Pump -Highway Petroleum,11.3523597,76.2977004,Malappuram
CNG Fitting center CAR TRACK,10.9888619,75.9932445,Malappuram
Varikkodan Petroleum Manjeri,11.1296,76.1151,Malappuram
PMS PETROLEUM INDIAN OIL ADANI CNG NADUVATH WANDOOR,11.2112971,76.2246,Malappuram
Hindustan Petroleum Pump and CNG Station,11.1276419,76.0448276,Malappuram
IndianOil,11.0531434,76.0797076,Malappuram
Hindustan Petroleum Pump And CNG Station VPM Petroleum,11.230718,76.054111,Malappuram
"Bharat Petroleum, Petrol Pump -Maliyakkal Filling Station",11.0512263,75.9845574,Malappuram
IndianOil,11.073373,76.073676,Malappuram
Bharat Petroleum and CNG,11.2707319,75.7775607,Kozhikode
Cng pump,11.25498,75.784608,Kozhikode
CNG gas station,11.316553,75.8326684,Kozhikode
HP Petrol and CNG Station,11.3328988,75.8920507,Kozhikode
IndianOil,11.190184,75.869271,Kozhikode
Bharath Pertroleum & CNG Kolaithazham,11.291156,75.8626938,Kozhikode
Hindustan Petroleum Pump and CNG Station,11.1276419,76.0448276,Kozhikode
Cochin Gas Energy CNG LPG Fitment Centre,11.2810642,75.7777366,Kozhikode
PARAYANGAT FUELS CNG Kerala's First MRPL Outlet,11.2734621,75.9813727,Kozhikode
Bharat Petroleum,11.2659117,75.8141281,Kozhikode
Kuniyil Auto Fuels Bharat Petroleum & IOAG CNG,11.4536681,75.7704543,Kozhikode
IndianOil,11.405253,75.720364,Kozhikode
"Bharat Petroleum, Petrol Pump -Narayanan & Company.",11.2611055,75.7800831,Kozhikode
IndianOil,11.233631,75.803131,Kozhikode
V6 CALICUT,11.2407865,75.7948545,Kozhikode
Hindustan Petroleum Mangala Fuels,11.269583,75.8425933,Kozhikode
Vennakkad petroleum With CNG,11.3415905,75.8987629,Kozhikode
"Parappanad Fuels,CNG",11.0425992,75.8616912,Kozhikode
Hindustan Petroleum Super Service Station,11.26692,75.77666,Kozhikode
Hindustan Petroleum Pump,11.2703453,75.7762883,Kozhikode
Hindustan Petroleum Pump JK Fuels,11.2696,75.789238,Kozhikode
Seepeace Fuels,11.1422136,75.9700821,Kozhikode
"Bharat Petroleum, CNG and Petrol Pump -Maliyakkal Fuels",11.0466671,75.9110748,Kozhikode
Jio-bp,11.2096243,75.8081498,Kozhikode
IndianOil,11.234379,75.846687,Kozhikode
Hindustan Petroleum Pump Olassery Fuel Station,11.1716,75.80943,Kozhikode
Petrol Pump HP Kolappuram PETROL DIESEL CNG,11.0617339,75.9348379,Kozhikode
Hindustan Petroleum and CNG Station,11.5244059,75.6173804,Kozhikode
"Bharat Petroleum, Petrol Pump, CNG -Safiya Petro Park",11.0320934,76.0613561,Kozhikode
GRN Green Gas Solutions LLP,11.1861887,75.887079,Kozhikode
Hindustan Petroleum,11.266202,75.778842,Kozhikode
Cng gas station,11.5950343,76.0774634,Wayanad
IndianOil,10.068382,76.321241,Wayanad
AG&P Pratham CNG Station,9.7052723,76.3173905,Wayanad
City Gas Car,9.977685,76.3023317,Wayanad
Malabar Petroleum - Bharat Petrol Pump,11.7127966,76.0788936,Wayanad
Bharat Petroleum Fuel Station,11.5956493,76.077716,Wayanad
"Moosa Fuels Bharat Petroleum, Petrol Pump",11.6559485,76.1590348,Wayanad
Vennakkad petroleum With CNG,11.3415905,75.8987629,Wayanad
LPG Filling Station,11.6592808,76.2557585,Wayanad
AG&P Pratham CNG Station,9.3684375,76.5136875,Wayanad
Akhila Petroleums - Bharat Petroleum & CNG,11.6589366,76.2459386,Wayanad
"Bharat Petroleum, Petrol Pump -Petro Care",11.6262214,76.2103864,Wayanad
Wayanad Gasoline Agency HP Petrol Pump,11.5744556,76.0586743,Wayanad
HP Petrol and CNG Station,11.3328988,75.8920507,Wayanad
Reliance Petroleum,11.6299719,76.0883768,Wayanad
"Bharat Petroleum, Petrol Pump -Fadhil Auto Fuels",11.8477059,76.0637576,Wayanad
HP PETROL PUMP,11.672954,76.0786887,Wayanad
NAYARA FUEL PUMP,11.634354,76.0902655,Wayanad
AG&P Pratham CNG Station,8.5180523,76.9799767,Wayanad
Bharat Petroleum,11.8486013,76.0661424,Wayanad
"Bharat Petroleum, Petrol&Cng Pump -M/S K M R Petroleum - KOZHIKODE",11.4836223,76.008531,Wayanad
Petrol Pump & CNG Station,11.9002174,75.3684519,Kannur
CNG,11.9140515,75.4743764,Kannur
"Bharat Petroleum, Petrol Pump -Alinkeelkannan & Co.",11.8730754,75.3653597,Kannur
Bharath Petroleum/ Ramraj & co,11.8790198,75.3704604,Kannur
Petrol CNG Pump,12.0737569,75.2830953,Kannur
IndianOil,11.9007376,75.368309,Kannur
Hindustan Petroleum G G Fuels,11.8728766,75.3656106,Kannur
HP Petrol Pump - Janatha Service Station and cng station,11.8380573,75.5687238,Kannur
"KVN Shenoy, Kottachery, Hindustan Petroleum",11.8746289,75.3805244,Kannur
Bharat Petroleum Pump - Century Oil Trading,11.9887474,75.5875867,Kannur
"Bharat Petroleum, Petrol Pump -Ramla Enterprises",11.8590206,75.3756277,Kannur
IndianOil,11.931932,75.579126,Kannur
IndianOil,11.876154,75.373701,Kannur
HP petrol pump,11.8814223,75.3837759,Kannur
Bharat Petroleum Jayasree Petrol Pump,11.8727548,75.3915318,Kannur
IndianOil,11.872427,75.392018,Kannur
AG&P Pratham CNG Station,12.912387,79.3648328,Kannur
IndianOil,11.859216,75.376067,Kannur
"Bharat Petroleum, Petrol Pump -Sreekandapuram Fuels",12.0420359,75.509945,Kannur
AG&P Pratham CNG Station,9.7052723,76.3173905,Kannur
Jilu auto gas,12.5087863,74.9858568,Kasaragod
IndianOil,12.50947,74.98601,Kasaragod
HAJI CTM BROTHERS,12.5033554,74.9929483,Kasaragod
IndianOil,12.509399,74.996033,Kasaragod
Hindustan Petroleum Sri Gopalakrishna Service Station,12.518102,75.01502,Kasaragod
"Bharat Petroleum, Petrol Pump -K.V. Kamat & Co.",12.5152521,75.0078856,Kasaragod
Indian Oil Corporation IOC Fuel station,12.5130463,74.9988172,Kasaragod
Techno CNG Fitting Centre,12.5210556,75.0149218,Kasaragod
Pumpsy- Pump Easy - Mobile Petrol Pump,12.4818735,74.9948663,Kasaragod
Chowki Bharat Petroleum BPCL Petrol Pump,12.5305587,74.9689003,Kasaragod
"Bharat Petroleum, Petrol Pump and CNG Station -Safari Agencies",12.4122558,75.0926236,Kasaragod
IndianOil,12.257893,75.117255,Kasaragod
Jio BP Petrol Pump,12.5132843,74.9825276,Kasaragod
